,hq
0,0.2732710370295195
1,0.2705018565797398
2,0.26847348279269123
3,0.2667880147315074
4,0.26575814194722147
5,0.26503324985015264
6,0.26254185117148093
7,0.2618679870445273
8,0.26160001861815624
9,0.2612526629600724
10,0.2609490103991074
11,0.26080384873518137
12,0.26025871476286105
13,0.2597346592608176
14,0.25878360345353585
15,0.25752133150079803
16,0.25621478071319576
17,0.25471484209508843
18,0.25281277573241384
19,0.2506506757662444
20,0.24797088524746394
21,0.24500641362505332
22,0.2416389887952126
23,0.23821879139268448
24,0.23426191071382133
25,0.2295895510833448
26,0.22447189113184665
27,0.21770030338139912
28,0.21099331824324002
29,0.20348903991903158
30,0.19541335768831472
31,0.1873572652916043
32,0.17991252531025387
33,0.17212801805091427
34,0.16604237198812274
35,0.16349666071856073
36,0.16329621616332082
37,0.16577243894369495
38,0.1704244609524747
39,0.17855781176718952
40,0.1867715726133819
41,0.19342536673097238
42,0.20264845912873883
43,0.21235982706668513
44,0.21740105401216414
45,0.22653316915104177
46,0.2345978722509503
47,0.24443624328545885
48,0.25474886121404305
49,0.2651599782345022
50,0.27425275658320836
51,0.28375489433756784
52,0.29075033510652637
53,0.29746501088040983
54,0.3019670267406021
55,0.30505273039161956
56,0.30528975519675544
57,0.30394018879163537
58,0.2918432340839805
59,0.28908232861388095
60,0.2773118652893526
61,0.27966725490263816
62,0.2816241341724658
63,0.2622404278381164
64,0.2472754998866775
65,0.23854078084429062
66,0.24003162752802312
67,0.24982365019690167
68,0.24914011985113874
69,0.2508680313266089
70,0.25712922523054654
71,0.26692023363299705
72,0.2772815565793676
73,0.28516864476947046
74,0.29487387801654963
75,0.3033641334668872
76,0.3124725978998515
77,0.32149249935649343
78,0.33138715853883927
79,0.34231403144324063
80,0.3525727292017351
81,0.36343688113661177
82,0.37400669221631194
83,0.3838488353579237
84,0.3921708346464472
85,0.3992516616372497
86,0.40579841650005044
87,0.41276538338978175
88,0.4183778196234339
89,0.4233607413362176
90,0.42821959480341903
91,0.4320628899061402
92,0.435529728464976
93,0.4388564714221735
94,0.4441456308305182
95,0.44946449119593657
96,0.4543555300192307
97,0.45961709167652287
98,0.4641105556179893
99,0.46791892813117847
100,0.47122785793416944
101,0.4749191073762853
102,0.4772381953977231
103,0.4798073974607672
104,0.4819709429814277
105,0.48393856967096555
106,0.48542758601787667
107,0.4856041166383617
108,0.48518647270889237
109,0.48529373671804366
110,0.4849331119245846
111,0.4860044194920279
112,0.48651135915553295
113,0.48596219177038386
114,0.48430903052034024
115,0.48378518005692633
116,0.4825614538507653
117,0.4809856864312503
118,0.479205820323517
119,0.4776243959132966
120,0.475683461747429
121,0.4742158904698425
122,0.4727816846142116
123,0.4706880115982301
124,0.46921780586890693
125,0.4671722228489715
126,0.46566065822326463
127,0.4635825763867463
128,0.4618405856176713
129,0.46030816302641936
130,0.4591035051880775
131,0.4594235813102758
132,0.4599623663611156
133,0.4601390035724424
134,0.46053130038876033
135,0.4616937130952221
136,0.462967525084578
137,0.464643466101445
138,0.4661391722568777
139,0.4682907635538408
140,0.47069588690089165
141,0.473508494015385
142,0.47641260091385684
143,0.4792970568438315
144,0.4824949590838214
145,0.48590260381737976
146,0.4892791429785137
147,0.491577809316915
148,0.49380609616950716
149,0.49631624967101634
150,0.4986868994325668
151,0.5010213150647784
152,0.5033775418357866
153,0.504501759240164
154,0.5055618751543198
155,0.5058001934008796
156,0.5059238244283257
157,0.5062187366914412
158,0.5067322622336017
159,0.5071219777915335
160,0.5074715519651332
161,0.5075463530733445
162,0.5075064495615995
163,0.5064125934521246
164,0.5055532484485484
165,0.5044056170679876
166,0.5025435490478694
167,0.500499237066917
168,0.4989145693724268
169,0.4971718881479629
170,0.4962507656631891
171,0.494927270205446
172,0.494176531136229
173,0.4927721518405445
174,0.4920205803796433
175,0.4914950561140721
176,0.4919835793945042
177,0.4914561598417952
178,0.4910663685415197
179,0.49170941316400874
180,0.49360377514995446
181,0.4951840792919904
182,0.4964141478886201
183,0.4968853196409956
184,0.4982847355659424
185,0.5003579001750191
186,0.5031443079745349
187,0.5065538947342527
188,0.5116453352705964
189,0.5165934291856809
190,0.5231315309660688
191,0.5292307761074784
192,0.5339489934364096
193,0.537796142567202
194,0.5431551810895834
195,0.5452707834495796
196,0.5471160483218099
197,0.5478888360054669
198,0.5495860277706642
199,0.5516716572535496
200,0.5541747886163577
201,0.5565246318229389
202,0.5582332226448484
203,0.5608720384768717
204,0.5637108629590513
205,0.5649628194537805
206,0.5653271623803224
207,0.5652374035474814
208,0.5658388675463352
209,0.5669135733832503
210,0.567489219464461
211,0.5657370967631574
212,0.5637732774326255
213,0.5609217044131706
214,0.5587537819973978
215,0.555590871128074
216,0.5496758694453232
217,0.5435325962098877
218,0.540282795616622
219,0.5354144465018151
220,0.5316916925327881
221,0.528201902785471
222,0.5256166564159139
223,0.5245440638888899
224,0.5247142840536476
225,0.5213528565073245
226,0.5197640562708413
227,0.5180924623611999
228,0.51776715378975
229,0.5173630028199455
230,0.5189769831360028
231,0.519303600134982
232,0.5190304663868405
233,0.5192654462749052
234,0.5199483996564789
235,0.5183338482853039
236,0.5180232520385278
237,0.5162859964208318
238,0.5153425282307422
239,0.5159889089504066
240,0.5168492076691729
241,0.5191402874251065
242,0.519997705899728
243,0.521679827369597
244,0.5241907034615678
245,0.5257424323743591
246,0.5261768292500313
247,0.5271425607128187
248,0.5310422139278771
249,0.53398239640099
250,0.5365793174725089
251,0.5408839946055346
252,0.5456870334901961
253,0.5516230192835909
254,0.5556140862375907
255,0.5587164834631744
256,0.561686925701522
257,0.5650889351035407
258,0.5706360739995457
259,0.5751330141246154
260,0.5779973440574159
261,0.5806826984557121
262,0.5841877261006322
263,0.5880792988529043
264,0.591656810567878
265,0.5942913777583443
266,0.5964052344090937
267,0.5987045634097738
268,0.6009761365598875
269,0.6026531002245391
270,0.6043248861803621
271,0.603631376139618
272,0.6051515000048878
273,0.6085962092027168
274,0.6108899948375522
275,0.6110454671935953
276,0.6126022656742764
277,0.614067195560287
278,0.6173488531742481
279,0.6201814418337224
280,0.621991933052655
281,0.6214096380108726
282,0.62351305582888
283,0.6259722327285016
284,0.6273555206220315
285,0.6291258846061354
286,0.6318661301834778
287,0.6345264899850062
288,0.6398203276568653
289,0.6435854972165416
290,0.6459559804608985
291,0.6442575306505524
292,0.6472601740514466
293,0.6490075963257057
294,0.651094106792604
295,0.6541127803427449
296,0.6590772688032412
297,0.6629972601486609
298,0.6672173010309251
299,0.6694579251785403
300,0.6708258331406685
301,0.670309231738613
302,0.672736603555659
303,0.6745016417305446
304,0.6766257054809985
305,0.6802075658027896
306,0.6840715797059786
307,0.6846928427391367
308,0.6845480603994
309,0.6828775918066129
310,0.6800822084760347
311,0.6763591017715107
312,0.672201926316089
313,0.6696151433178095
314,0.6657159612016472
315,0.6546897214165707
316,0.6442033496845521
317,0.632838750378416
318,0.6214315370909823
319,0.6033829450245594
320,0.5786251679668694
321,0.56012852052885
322,0.5471262648853504
323,0.5365270329970254
324,0.5259369003961492
325,0.5163695559922077
326,0.5094437435307516
327,0.5026950695869061
328,0.4966051036793263
329,0.4892689643440107
330,0.4825162460444859
331,0.4751111630655518
332,0.4702308264977093
333,0.46544067992494903
334,0.46120055284768624
335,0.45823862788307634
336,0.45418907768737327
337,0.4503463136470184
338,0.4465318052027268
339,0.4425969195626363
340,0.43886384238308623
341,0.4358393075922121
342,0.4340203353139252
343,0.4321365736008652
344,0.4302168756600388
345,0.42831675166113525
346,0.4260322099654167
347,0.4240343179998131
348,0.4227011995125272
349,0.42149829557793667
350,0.4196426831825295
351,0.41786576168151834
352,0.41658160147523127
353,0.4176101852161588
354,0.4176977808063188
355,0.4162144278309837
356,0.4144139336249245
357,0.41315546401740966
358,0.409960156265666
359,0.4063493635633648
360,0.4021232693671107
361,0.3983739464725837
362,0.39571861112449097
363,0.3920542749081805
364,0.38984187073630955
365,0.38790427945556
366,0.38667480393916975
367,0.38580370327393276
368,0.3838102486829606
369,0.38035347124947494
370,0.3769213803491336
371,0.37361489002517856
372,0.3696321853843659
373,0.3656268998198199
374,0.3626091651794414
375,0.36031661497715023
376,0.35735844286254065
377,0.3556507097724578
378,0.35232362561068736
379,0.3506185881257444
380,0.3468166494471341
381,0.3435071792866999
382,0.33996448271384905
383,0.33575347687437845
384,0.331786394828622
385,0.3299629334952592
386,0.33021834687208834
387,0.33070833981087944
388,0.3326034231071019
389,0.3348583869892477
390,0.336564053352103
391,0.33856138475547076
392,0.3416501534858223
393,0.34495579878809046
394,0.34785214937638975
395,0.3501672426881237
396,0.3518026469448175
397,0.3526125309406815
398,0.3529307852840889
399,0.35190730912063944
400,0.3516135295142857
401,0.3493346214065747
402,0.34616160873183455
403,0.34427628027229956
404,0.3409996003445221
405,0.33896800531582255
406,0.3360139088843979
407,0.33377291095126754
408,0.3323921580063335
409,0.33267657448112903
410,0.3326811525814609
411,0.3345690535317794
412,0.33497546034024067
413,0.33484989953664696
414,0.3334362836517248
415,0.33601083451143043
416,0.33320052255791766
417,0.33080162003414193
418,0.329250747407574
419,0.3275739971426913
420,0.32528656457834737
421,0.3223966947281781
422,0.3188902290321827
423,0.31360337798301113
424,0.3080297866906755
425,0.3039160590374174
426,0.29996725076467934
427,0.2972010872253543
428,0.295073303002325
429,0.29329401984820447
430,0.2918446456032792
431,0.29045446852516654
432,0.2909887951966313
433,0.2919919916641468
434,0.2891977175839419
435,0.2902668288821546
436,0.2926054699513421
437,0.2929243183384544
438,0.29495278562273114
439,0.2955738321209669
440,0.29833328244218915
441,0.3007334731305342
442,0.30236606075092265
443,0.301629644099003
444,0.30452428968844797
445,0.3019270124674627
446,0.30069214391047533
447,0.2991205645716192
448,0.30065493100313306
449,0.2989058893444841
450,0.29448792475847896
451,0.2908720934672415
452,0.29003391990465993
453,0.2875584939203821
454,0.28484191945750315
455,0.282694233774272
456,0.28227593598252004
457,0.27959130783790315
458,0.2870990255962571
459,0.29057163577837664
460,0.2981714502531525
461,0.3082794301677617
462,0.32049590056470206
463,0.332261384291497
464,0.3444321157714223
465,0.3578486718132177
466,0.372557086136017
467,0.3883934263783573
468,0.40252606126608903
469,0.4151971471425942
470,0.43145020342816365
471,0.44665551468124265
472,0.46148164271790587
473,0.4730555918779764
474,0.4846740302422953
475,0.4957293793043879
476,0.5024320345915225
477,0.507340727700181
478,0.5122450331916879
479,0.5159746299993093
480,0.5197983766051544
481,0.5228998645553007
482,0.5246772715076784
483,0.5270295911510894
484,0.5249200625317305
485,0.5230761809777842
486,0.5210950838438166
487,0.5185109420761189
488,0.5149765310085265
489,0.5067600900475638
490,0.4992621865825855
491,0.49212942565359313
492,0.4859915045787164
493,0.4788687781776165
494,0.4726381220103319
495,0.46781403305728003
496,0.4636609696332163
497,0.45975960233574986
498,0.45701946008516275
499,0.45524006186964905
500,0.4536547762628446
501,0.45215735435610344
502,0.4513592333416648
503,0.45097316147650823
504,0.45105969226427234
505,0.45214267048605283
506,0.45472214558432
507,0.4570456076426076
508,0.4607088832302645
509,0.4643533260588396
510,0.4678603848470244
511,0.47112773084152526
512,0.4742078251954951
513,0.4770754862826296
514,0.4790821014718993
515,0.4815070387426055
516,0.4840111147816909
517,0.48687474548137577
518,0.49028230299046593
519,0.49312284463947414
520,0.49582534559500313
521,0.49850361503787416
522,0.5006001900429842
523,0.5027507816516438
524,0.5044509476714975
525,0.506163874374327
526,0.5072238810937519
527,0.5081436646761307
528,0.5087498629792805
529,0.5090156907680998
530,0.5082733217217428
531,0.5079478629850195
532,0.5072916036244798
533,0.5059174324846539
534,0.5052016854791217
535,0.5041974466685377
536,0.5030353155215708
537,0.5017125432991196
538,0.49959000103318707
539,0.497706404630985
540,0.4960032016684173
541,0.4936059822696619
542,0.49102776778487317
543,0.489590159485527
544,0.488363361723836
545,0.4878205819195202
546,0.487646642530706
547,0.48725885598828106
548,0.48689399971767877
549,0.48705608722387267
550,0.4878845458169129
551,0.4882662667342632
552,0.4893091439852243
553,0.4903960334872932
554,0.49176626592414574
555,0.4930419286761101
556,0.4943648425705014
557,0.49541202989498284
558,0.4964783035692208
559,0.4978161552621305
560,0.49937754184590505
561,0.5000818902855751
562,0.5011939340954655
563,0.5018721898476435
564,0.5030736636910734
565,0.5036019475715053
566,0.5042381800935463
567,0.5048869162848522
568,0.5060599153393296
569,0.5070051849831537
570,0.5083595823930791
571,0.5098945620833181
572,0.5112560225951972
573,0.5126274132675147
574,0.5136305306662161
575,0.5148693506238647
576,0.5158989290449151
577,0.5170288793379546
578,0.5179631537836665
579,0.5190390987645753
580,0.5198143550856782
581,0.5205821693323912
582,0.5215124136634469
583,0.5222118818155301
584,0.5233253086394001
585,0.5238447588028144
586,0.5240626208216537
587,0.5242119175349798
588,0.5247678522981736
589,0.5251018238510773
590,0.5253923822232709
591,0.5254265881133647
592,0.5256135769407819
593,0.526177436184832
594,0.5267822864834916
595,0.5268393726865175
596,0.5263726292752977
597,0.5259887831294339
598,0.5257251038465893
599,0.5257820112358164
600,0.5262100354745559
601,0.5270164966204124
602,0.5284494522871435
603,0.5297204668082064
604,0.532031934760496
605,0.5339833449908286
606,0.5360907845857503
607,0.536946383873639
608,0.5379679200278964
609,0.5399198263914751
610,0.5427440365204401
611,0.5442638272072567
612,0.54653844891724
613,0.5494283102262614
614,0.5522348397048894
615,0.5552099484813433
616,0.5581878651536675
617,0.5613553073155532
618,0.5646234730210805
619,0.5689609586971488
620,0.5728538803411473
621,0.5774623850977918
622,0.5822110193007292
623,0.5865847424170223
624,0.5913656504998601
625,0.5957347883845646
626,0.6004149697139768
627,0.6050456774367934
628,0.6092827044934153
629,0.610997230212633
630,0.6121372298307522
631,0.6134152232965576
632,0.6142486962566811
633,0.6154303026531568
634,0.6158709466688128
635,0.6159882483472693
636,0.6162717676239766
637,0.6175062787089853
638,0.6189630386036296
639,0.618498961259542
640,0.6178619651578515
641,0.6191103569813432
642,0.6206093548572521
643,0.6229952047718361
644,0.6243640926331998
645,0.6257487601193904
646,0.6295518098527618
647,0.6335909280119127
648,0.6377583198404214
649,0.6420841669844002
650,0.6465673764776086
651,0.6504031954816133
652,0.6545847795438756
653,0.6582214516456807
654,0.6605317466343168
655,0.6654631832406909
656,0.6702389023736093
657,0.6748805238314779
658,0.6808995602375589
659,0.6871703679350638
660,0.6907610873329965
661,0.6953241932390866
662,0.6997804307324853
663,0.7026606535364025
664,0.702442490485059
665,0.7035372064046461
666,0.7029782200355968
667,0.703022010036805
668,0.703284478355247
669,0.703773839327823
670,0.7027327420366586
671,0.7014451719437316
672,0.7003072165608605
673,0.6988107550723531
674,0.6986728979686692
675,0.6957369246625921
676,0.6950646054915514
677,0.6951998261551049
678,0.6956725101038101
679,0.6967940073952498
680,0.6979292800963108
681,0.7006846515147171
682,0.703821145419242
683,0.7074828009967384
684,0.7104959612443292
685,0.7145114783068882
686,0.7192354083525434
687,0.7252179063124985
688,0.7301250700879869
689,0.7358073843270098
690,0.7408528996463999
691,0.7451190505916083
692,0.7476510594169359
693,0.7506586133489073
694,0.7544666100452698
695,0.7573193632284585
696,0.7578191447508491
697,0.7610802166370177
698,0.7632888372544138
699,0.76646594510641
700,0.7690742164469452
701,0.7736262827464024
702,0.7757116804728346
703,0.774884260040376
704,0.7756363267152387
705,0.7755108715229465
706,0.7771681336275656
707,0.7796773391698892
708,0.7776961051712208
709,0.7790028897027053
710,0.7837239747530671
711,0.7882538830173936
712,0.7937779985546599
713,0.7983122983654825
714,0.8010382321630939
715,0.8004597261600268
716,0.7999176659013023
717,0.8049843267190339
718,0.8079662306017723
719,0.8111306742587575
720,0.8087238480629196
721,0.8100456211045222
722,0.8125998019771868
723,0.8128098718239842
724,0.8099307274045787
725,0.8067293250024672
726,0.8019437558607758
727,0.8000292895902692
728,0.7990380891384045
729,0.7986722427590934
730,0.7979410915358339
731,0.7977698629492379
732,0.795965443900107
733,0.7942567105992941
734,0.7927481800494689
735,0.7866332545026307
736,0.7813299076336261
737,0.7760152751196362
738,0.7751270764015135
739,0.7774078332875333
740,0.7742044534654821
741,0.7724685267603637
742,0.77092141699376
743,0.7705457682102415
744,0.7686275285020163
745,0.7654057763555329
746,0.7644994448549199
747,0.760530948750347
748,0.7586289163091887
749,0.7618859765596292
750,0.7627652962873883
751,0.7613924861407504
752,0.7619923579806425
753,0.7572358122970205
754,0.7571207495799663
755,0.755459753650213
756,0.7531000555082267
757,0.7519837714441054
758,0.751260294494425
759,0.7496345776013457
760,0.7488380321786685
761,0.7513909317433839
762,0.7564595140343341
763,0.7600269188761822
764,0.7630413026373466
765,0.7660930767558006
766,0.7708152417658343
767,0.7742227854626275
768,0.7709852510148267
769,0.7712338823773627
770,0.7728276977408648
771,0.7731510424566208
772,0.7717777435359608
773,0.7667944572625114
774,0.764543972854467
775,0.7602777125316256
776,0.7588372132928158
777,0.7541070279688892
778,0.7465249074599182
779,0.7403794910818045
780,0.7272555795207036
781,0.7191317641799297
782,0.7097935294956881
783,0.6921420290741122
784,0.672240722184814
785,0.6542130283985946
786,0.6332588876285669
787,0.6194017326011684
788,0.6083123930989945
789,0.5988835396668507
790,0.5868323358728801
791,0.5751176207533086
792,0.5643561039181582
793,0.5560646837356468
794,0.550674099642486
795,0.5450996661834646
796,0.5400766119762296
797,0.5360927334783095
798,0.5329617440399292
799,0.5313031464287554
800,0.5312250723047826
801,0.5321960219589522
802,0.5316794370281633
803,0.5307307789341695
804,0.5296414495105447
805,0.5285052755662656
806,0.5281505591228529
807,0.526828416136486
808,0.5242896072275911
809,0.5213813807736705
810,0.5196788570692965
811,0.517619217576482
812,0.5147972315545962
813,0.5125549863477219
814,0.5113403602996999
815,0.5090236157722
816,0.5066239286940456
817,0.5035164363090306
818,0.501990297303482
819,0.5009669325592767
820,0.4998474232728497
821,0.4981210553431057
822,0.49696501052660647
823,0.4957690864267322
824,0.49445496894753055
825,0.4930353673567115
826,0.49157660149063365
827,0.4879693715623792
828,0.48739662623748975
829,0.48613545940270214
830,0.4851784054035113
831,0.48423965462379
832,0.48302812672913803
833,0.4818826124623201
834,0.48220107219674324
835,0.482183913064779
836,0.4827351571177065
837,0.48258113684164833
838,0.480828641130536
839,0.4796981310142737
840,0.47853214478755735
841,0.4779347170625104
842,0.4774483332404524
843,0.4765538730536859
844,0.4757447090143414
845,0.4746863766918232
846,0.47401425268921143
847,0.4732115846084441
848,0.47240230561744007
849,0.4714595124639194
850,0.4705987879409038
851,0.47023921566302923
852,0.46870515246237654
853,0.46753695482818286
854,0.4667889302547808
855,0.4661270902346697
856,0.46526499072390226
857,0.4645071583396739
858,0.4647608839016127
859,0.4650717633818013
860,0.4651314217172412
861,0.4655000568628311
862,0.46577795335404754
863,0.4671810921581235
864,0.46853900261403614
865,0.4689314606052952
866,0.4709010110201518
867,0.4730252431745552
868,0.4739867583892486
869,0.47540860499320864
870,0.47493347759242865
871,0.4761828843957352
872,0.4771099868340473
873,0.4782053260452302
874,0.47941329493301743
875,0.4801442727136699
876,0.4789713493964755
877,0.47935664327841193
878,0.4786727415408193
879,0.4781881068523484
880,0.4773322001857235
881,0.4766400059800469
882,0.47645044888343563
883,0.4760246611731357
884,0.47472959117476415
885,0.4740009814679178
886,0.4726235861935132
887,0.470940365653685
888,0.46800234543851654
889,0.4654456145380579
890,0.4629958852677188
891,0.46054441534102436
892,0.46030697177299457
893,0.46026709797873044
894,0.4597001511751431
895,0.4600320487790945
896,0.46016515368089045
897,0.4602012539254118
898,0.4605322416109869
899,0.46124614481295206
900,0.462240754807447
901,0.46351035172969
902,0.4646760339047643
903,0.46557786709697596
904,0.4668599473664654
905,0.4687876997427055
906,0.47034060612814316
907,0.47250141230687354
908,0.47439325695095375
909,0.47610537582566737
910,0.4780563340581748
911,0.4796994374089719
912,0.481676322552406
913,0.4841224578185218
914,0.486421339578327
915,0.48932313483766254
916,0.49282713182499294
917,0.49616872106813337
918,0.4990968954090573
919,0.5020953731121421
920,0.5049251938789717
921,0.5074591993497222
922,0.5109093151230861
923,0.5135643395680582
924,0.5160681742101526
925,0.5183497054118733
926,0.5202537770219273
927,0.5221120224290509
928,0.5236122945140167
929,0.5254656645080142
930,0.5263902981489061
931,0.5280903689804219
932,0.5288671924245338
933,0.5296131855774343
934,0.5290523012171753
935,0.5287994364197507
936,0.5282852621611592
937,0.5281645469017575
938,0.5274293533520193
939,0.5274608865088204
940,0.5280921696711377
941,0.5282972455380635
942,0.5287588259916342
943,0.5296047268451776
944,0.5302722574014489
945,0.5317163582528617
946,0.5328313149674082
947,0.5345532375765577
948,0.5369026319949465
949,0.5403316690559564
950,0.54232053664755
951,0.5442142857100962
952,0.5457624587786714
953,0.5476656648859021
954,0.5495564465226572
955,0.5515800266798577
956,0.5531834487641074
957,0.5548867601549445
958,0.556843585807673
959,0.5605751941950067
960,0.5633207179834715
961,0.5661018686484791
962,0.5686423649328775
963,0.5720745201911623
964,0.575873686043222
965,0.5786949696989404
966,0.5824325014542977
967,0.5855819633326566
968,0.5886782033918306
969,0.5921500763406745
970,0.5970040388784786
971,0.6010928368143879
972,0.6044083196772883
973,0.6083684183514815
974,0.6105765131979516
975,0.6134514002311595
976,0.6152494105389035
977,0.6171629069461064
978,0.6167992699942954
979,0.6210574129968934
980,0.6196462850794429
981,0.6144625054982394
982,0.6070804148958474
983,0.6028902898563031
984,0.5969508819376081
985,0.590363464085688
986,0.582186572183082
987,0.5729404225608441
988,0.565640414925699
989,0.5579346388261395
990,0.5505746111993197
991,0.5435723854494766
992,0.5394451809814699
993,0.5359225459545425
994,0.5338323661040777
995,0.5309772993706314
996,0.5285066873721227
997,0.5273390868666228
998,0.5261328302226231
999,0.5271398430116799
1000,0.529219490601043
1001,0.5320478422420442
1002,0.5349566930379795
1003,0.5372545933704391
1004,0.5379316378521681
1005,0.539879785076934
1006,0.5421478952857638
1007,0.5442418331711099
1008,0.5466241441152072
1009,0.5488397968371964
1010,0.5490648977738352
1011,0.5487856467213309
1012,0.5500592742759768
1013,0.5509834152466354
1014,0.5505594318213513
1015,0.5503724191367759
1016,0.5501512195252567
1017,0.551142403639062
1018,0.5514371378011533
1019,0.5513598702825924
1020,0.5499282071545766
1021,0.5494146974727182
1022,0.5494080618899945
1023,0.5485824546690451
1024,0.545581754977465
1025,0.541855654423276
1026,0.537151760753194
1027,0.5350321733108768
1028,0.5334404152780076
1029,0.532299197479155
1030,0.5322135033571445
1031,0.5328606463757437
1032,0.5334945009855038
1033,0.5332410401778322
1034,0.5327947360909012
1035,0.5322136146915033
1036,0.5324878436274236
1037,0.5331733592712902
1038,0.5338146822790896
1039,0.5349415034138262
1040,0.5356981287437569
1041,0.5362651689155014
1042,0.5372135800421866
1043,0.5378181304143478
1044,0.538181716273559
1045,0.538306325302369
1046,0.5394837968802635
1047,0.5407097271421475
1048,0.5412055488031086
1049,0.5401557705271172
1050,0.5381364852143651
1051,0.5363552001901041
1052,0.5340156832330158
1053,0.5304398115931113
1054,0.5286959833010262
1055,0.526294796456841
1056,0.5239172594582829
1057,0.5208456065287584
1058,0.5192593622585275
1059,0.5178682096333601
1060,0.5156713286468141
1061,0.5141445576419584
1062,0.5132963401423222
1063,0.5119310186117139
1064,0.5112946969897215
1065,0.5118304924658266
1066,0.5127923890073433
1067,0.5139323075312636
1068,0.5165491155631122
1069,0.5189799173415339
1070,0.5205224513632193
1071,0.523703243891717
1072,0.5292626248174854
1073,0.5278453829608868
1074,0.5296723720413961
1075,0.5281599739128611
1076,0.5287418320865539
1077,0.5282600602410399
1078,0.5295212493587934
1079,0.5306399009588276
1080,0.5315018943808604
1081,0.53302473144416
1082,0.5342697173323886
1083,0.5351865905226985
1084,0.5358812691040286
1085,0.53687955893152
1086,0.5382629416807344
1087,0.5393998247012337
1088,0.5397114636949633
1089,0.5393402429884162
1090,0.5387464116807571
1091,0.5389949192149652
1092,0.5385896711976897
1093,0.5380295861178211
1094,0.5374910116432251
1095,0.5374759899939002
1096,0.5368703568511967
1097,0.5362836102515866
1098,0.5360485729726924
1099,0.5367789655740677
1100,0.537733047860646
1101,0.5381525360602423
1102,0.5390193035688964
1103,0.5400803274115459
1104,0.5410213708549484
1105,0.5427095686130439
1106,0.5442255181154597
1107,0.5446937520712527
1108,0.5432011675124472
1109,0.5411764565069046
1110,0.5377521786278388
1111,0.5346998848735607
1112,0.5330915334244555
1113,0.530236244414992
1114,0.528263662664851
1115,0.526136855551844
1116,0.5248807024144034
1117,0.5230796685606254
1118,0.5223503205879716
1119,0.5216998932525946
1120,0.5217458722053021
1121,0.5206159873386124
1122,0.5203962904937086
1123,0.5191788390449112
1124,0.518291929916743
1125,0.5167091008244252
1126,0.5168057115116949
1127,0.5156935569002766
1128,0.514981214238407
1129,0.5150505838270729
1130,0.5161131851303237
1131,0.5173546229155774
1132,0.5196192875280923
1133,0.5218103964469526
1134,0.524491113344231
1135,0.5269990096680895
1136,0.529412586215436
1137,0.5326491994432107
1138,0.5358240268548631
1139,0.5388841236034503
1140,0.5426943618518861
1141,0.5464630755132129
1142,0.5497534011823635
1143,0.5530705673017375
1144,0.5563766383657692
1145,0.5591436923053589
1146,0.562518836498001
1147,0.5657879383890015
1148,0.5684810432518994
1149,0.5711756714287546
1150,0.5743872538508434
1151,0.5776971159755176
1152,0.5807784908633462
1153,0.58300112903382
1154,0.5850782389908332
1155,0.5871214196400373
1156,0.5889005437520479
1157,0.5896742249287359
1158,0.5891458615452098
1159,0.5883819053613084
1160,0.590977470984654
1161,0.5939334359865632
1162,0.5966896528023742
1163,0.6001000563533386
1164,0.6025233267229811
1165,0.6053634805267635
1166,0.6070713645413757
1167,0.6085752922317952
1168,0.6090308890992882
1169,0.6091984582204749
1170,0.6104071069460605
1171,0.6108677461859364
1172,0.6099937083799083
1173,0.6114221162106999
1174,0.6118723941873977
1175,0.6135991236935969
1176,0.6153609485288665
1177,0.6171081464720717
1178,0.6184293229885424
1179,0.6213708440940006
1180,0.6244139225345018
1181,0.6285913615532117
1182,0.6300367506670568
1183,0.6327042789903098
1184,0.6360728990550865
1185,0.6414381452809821
1186,0.6413362722797902
1187,0.6393537175005132
1188,0.6382678085867289
1189,0.6354172060137658
1190,0.6325265995097425
1191,0.6296858312023847
1192,0.6273550266002963
1193,0.6253747745428779
1194,0.627462953205176
1195,0.6233100089338769
1196,0.6160249042277001
1197,0.6103157838373521
1198,0.6049968789989906
1199,0.6004280851779563
1200,0.5979027120751641
1201,0.5927834940571991
1202,0.5899031064627913
1203,0.5868547634528075
1204,0.5841779654239077
1205,0.5806795496389946
1206,0.5814699471545632
1207,0.5795755771204376
1208,0.5779956472589407
1209,0.5784621552173255
1210,0.5794197576855125
1211,0.5776022560488125
1212,0.5785410286979561
1213,0.5830318329357814
1214,0.5859600986923641
1215,0.5883999963725574
1216,0.5919452229330978
1217,0.5941925482749248
1218,0.5992979295912718
1219,0.602279997939807
1220,0.6055129873629913
1221,0.60743562717958
1222,0.6112930460867578
1223,0.615356128545683
1224,0.619808058354304
1225,0.6248903125425394
1226,0.629398218323358
1227,0.6314905213504737
1228,0.6342291920692698
1229,0.6351212467440607
1230,0.6365726479335141
1231,0.6374258060116449
1232,0.6389682817881983
1233,0.6399653514697929
1234,0.6413904565409861
1235,0.6427023565230809
1236,0.6436146724313073
1237,0.6448117127428724
1238,0.6463634906978571
1239,0.6467949829743962
1240,0.6475918215767885
1241,0.6475479787225058
1242,0.6493813015853105
1243,0.6500238361966217
1244,0.6509480153135022
1245,0.6522831602991462
1246,0.6553321638764082
1247,0.657275980028374
1248,0.6602909849122398
1249,0.662438533171939
1250,0.6634728724638025
1251,0.6652215623437291
1252,0.6676247930451499
1253,0.6692792444549717
1254,0.6714729952046031
1255,0.6732603752443397
1256,0.6751056242425688
1257,0.6780407400723251
1258,0.682688414535492
1259,0.6852334165025792
1260,0.68829517780157
1261,0.6890306809174844
1262,0.6922691128703576
1263,0.695423383438287
1264,0.6984992944367894
1265,0.6998309272867346
1266,0.6998048458059581
1267,0.6998882278057988
1268,0.6983053776026743
1269,0.6964648489241516
1270,0.6954791319979425
1271,0.6949161001065061
1272,0.6929732535055938
1273,0.6908317410327716
1274,0.6880693077262352
1275,0.6845040133963801
1276,0.6809473691556717
1277,0.6775925172798054
1278,0.673121313651348
1279,0.6689625574844533
1280,0.6640325732989615
1281,0.6597128929126846
1282,0.6558067225291879
1283,0.6486627586491774
1284,0.6426441195144768
1285,0.6385364467056736
1286,0.6358721747924274
1287,0.632870993226446
1288,0.628529452056975
1289,0.6205397532227623
1290,0.6150650699917523
1291,0.6085294252592738
1292,0.5991136291537507
1293,0.5893225443823786
1294,0.5816925069062042
1295,0.5731420939545067
1296,0.5640288529814117
1297,0.5541226078951
1298,0.5465769788613281
1299,0.5386034357119023
1300,0.53101293131222
1301,0.5237607581307553
1302,0.5166483045834757
1303,0.508867369078358
1304,0.5018763076313288
1305,0.4958393678192282
1306,0.4901194322381233
1307,0.4839124363954855
1308,0.47908636186096054
1309,0.47469105464578143
1310,0.4695754883026342
1311,0.4655677596300861
1312,0.4617178037489774
1313,0.45680257643216665
1314,0.4519030756635331
1315,0.44766406533131464
1316,0.4438519384326457
1317,0.43944168447102855
1318,0.4351722516923117
1319,0.4303815033683949
1320,0.42652832834086923
1321,0.4224583729766186
1322,0.41804461520853864
1323,0.413733983171416
1324,0.4089805879467624
1325,0.4044242899141268
1326,0.3998679528429898
1327,0.39618491111283666
1328,0.3912219182793493
1329,0.38659722280298614
1330,0.38291377513632474
1331,0.37913050705003143
1332,0.3752580464821105
1333,0.37111236825970334
1334,0.36704123183018117
1335,0.3635030190443151
1336,0.3604544097086316
1337,0.3572532571453312
1338,0.3564971496782568
1339,0.3541613760498369
1340,0.35065614060676303
1341,0.34774775037230354
1342,0.3438053919848029
1343,0.33948809663282525
1344,0.33551732439350884
1345,0.331964435741694
1346,0.3283608410113931
1347,0.32522223018957164
1348,0.3222906784778395
1349,0.31989614507597053
1350,0.3170979896215905
1351,0.31454326664504845
1352,0.3120150174746708
1353,0.309633213892737
1354,0.3078117511227289
1355,0.30543528879453213
1356,0.30333593419566385
1357,0.3012347207036841
1358,0.2996621225361404
1359,0.2978792848006945
1360,0.2969439285465858
1361,0.2962620948553428
1362,0.29434179628745366
1363,0.29250960121889025
1364,0.29091726188765626
1365,0.2889330901789164
1366,0.28891298801617893
1367,0.2869581583294115
1368,0.28519492937140356
1369,0.2831608454954584
1370,0.2806386093789661
1371,0.2776649111008946
1372,0.275117799069581
1373,0.27251760960147914
1374,0.26918873086120365
1375,0.26602038257436683
1376,0.2633373778081948
1377,0.2603508361153496
1378,0.25849437503462974
1379,0.25587288224203614
1380,0.25389234063060856
1381,0.25119447384046684
1382,0.2492497387481575
1383,0.24562990148939656
1384,0.2425631922287754
1385,0.23895157167772635
1386,0.2360197586447838
1387,0.2327562034177038
1388,0.23003495981222638
1389,0.22656887490816993
1390,0.22334907715709226
1391,0.2196021383966346
1392,0.21604320937086446
1393,0.21310650875831608
1394,0.21127857866188127
1395,0.20913280485216468
1396,0.20790408627681944
1397,0.20594628724415773
1398,0.20480981784746408
1399,0.20275592012489932
1400,0.20147784948375827
1401,0.19904357683834417
1402,0.19817976940417664
1403,0.19411020540359253
1404,0.1915251648369145
1405,0.18759033435345165
1406,0.18379387362926286
1407,0.18026783889884646
1408,0.17886626297376226
1409,0.17489850768976042
1410,0.17314106722260253
1411,0.17281434475522903
1412,0.1713591366909917
1413,0.17109572406158696
1414,0.17158362855715165
1415,0.16772310806344257
1416,0.16824720760799766
1417,0.16993684155273858
1418,0.17242648374494168
1419,0.17560857927749748
1420,0.18146530304680836
1421,0.18635242740020233
1422,0.19195134560120256
1423,0.1995924445656436
1424,0.20541784830940527
1425,0.2107435238411366
1426,0.2166349597574484
1427,0.222080519426731
1428,0.22690688133938394
1429,0.2349432502959143
1430,0.24011783641093246
1431,0.2461228700990949
1432,0.25210769603966054
1433,0.2580682204534506
1434,0.26477777397745084
1435,0.27117218090368184
1436,0.2798084393923416
1437,0.2882627828675602
1438,0.2973009194202209
1439,0.3047967383215098
1440,0.31322791363247854
1441,0.32212548007462466
1442,0.3296103310307031
1443,0.33458245074213266
1444,0.3399441128858622
1445,0.34582545787441443
1446,0.3532112662868381
1447,0.36069859523070485
1448,0.36972514052647276
1449,0.37747410493349465
1450,0.38788077209548766
1451,0.4005341635350191
1452,0.4145636121009016
1453,0.42806284160021785
1454,0.44471350710046265
1455,0.4585990791498939
1456,0.4699913309761296
1457,0.48302560103033254
1458,0.4972014679918146
1459,0.5080749816793073
1460,0.5186734710190521
1461,0.5328231027682943
1462,0.5467735752660813
1463,0.5596769994882024
1464,0.5697648294756179
1465,0.5802346298417932
1466,0.5925125643045032
1467,0.6034444966592633
1468,0.616586508365944
1469,0.626566271815186
1470,0.6346257367575427
1471,0.6396354199381412
1472,0.6421800680790649
1473,0.6450096749194958
1474,0.6469589985431621
1475,0.6522211203140866
1476,0.6570185434987322
1477,0.6622413662547421
1478,0.6647700306152747
1479,0.6656000869071433
1480,0.6674777557424687
1481,0.6735157126445727
1482,0.6757786370032038
1483,0.6743184264277363
1484,0.675073419659709
1485,0.6734015659972671
1486,0.6731092536433819
1487,0.670575937449597
1488,0.6740730179371064
1489,0.6802782548711396
1490,0.6871432411570827
1491,0.690629984793968
1492,0.6937161911334997
1493,0.6938058009441754
1494,0.6949659214334527
1495,0.6995376135970026
1496,0.7041598688034258
1497,0.7043450851169616
1498,0.7054637924709491
1499,0.7083974205331451
1500,0.7112724842719359
1501,0.7105122252188855
1502,0.7132466527146314
1503,0.7162335822508591
1504,0.7182537395782479
1505,0.7182945322106882
1506,0.7190340314636267
1507,0.7182759157916264
1508,0.7161777413205899
1509,0.7132159997632341
1510,0.7123653277763046
1511,0.7111425965500887
1512,0.7119406885792309
1513,0.7138651109917115
1514,0.7140344905985992
1515,0.714597086165556
1516,0.7152679724926737
1517,0.7143685909829888
1518,0.7137375129267378
1519,0.7135990085563255
1520,0.7124557155960655
1521,0.7106028979245761
1522,0.7052211037013675
1523,0.7016121646370903
1524,0.6986521782950307
1525,0.6952809946211187
1526,0.6910362008305895
1527,0.6878386294568907
1528,0.6844453004137105
1529,0.681593587424471
1530,0.6786375038208992
1531,0.6765955509302617
1532,0.6759318075928259
1533,0.6764727065881863
1534,0.6773222056150382
1535,0.6782127013165296
1536,0.6786607743021102
1537,0.6775131705401377
1538,0.6771058881034274
1539,0.6781584619590405
1540,0.6792020976477849
1541,0.6822948736406859
1542,0.6838312845524357
1543,0.6867021828531606
1544,0.6899272938029076
1545,0.693771238185256
1546,0.6968289165174758
1547,0.7000402837192233
1548,0.7001098874020832
1549,0.7008706717343374
1550,0.7025421618363354
1551,0.7029269535643692
1552,0.7014028380778016
1553,0.6962581446861208
1554,0.6934495098862136
1555,0.6870292916858424
1556,0.6808824774904488
1557,0.67371474477089
1558,0.666134856042166
1559,0.6597570631160216
1560,0.6510329112573139
1561,0.6399856185576035
1562,0.629924352694076
1563,0.6190783306343673
1564,0.6074237765957047
1565,0.5963608668262098
1566,0.5831930451514724
1567,0.5676586363599924
1568,0.5545194987145925
1569,0.5405253354259262
1570,0.5277607414319385
1571,0.5149629890764073
1572,0.5015177198236144
1573,0.488231640167169
1574,0.47655820536638654
1575,0.4659099745090796
1576,0.45638926379135697
1577,0.4477993707870588
1578,0.4392065085905172
1579,0.4332147129630364
1580,0.42685680467507264
1581,0.42099471011080253
1582,0.41319975390140096
1583,0.40687375278559434
1584,0.40044686658818807
1585,0.3935576816824589
1586,0.38770648070445257
1587,0.3824922559050598
1588,0.3785948529223854
1589,0.37455552891525035
1590,0.3700636970928228
1591,0.36578788369920767
1592,0.36125924395992187
1593,0.35701826670330805
1594,0.3529469458498625
1595,0.3498373371153242
1596,0.3463046040634175
1597,0.34414783102368124
1598,0.34179015488928133
1599,0.33957229830039976
1600,0.33662074428539596
1601,0.3335035303050222
1602,0.32928771377132626
1603,0.32553746119460325
1604,0.31929617266042
1605,0.31522551394236586
1606,0.3100744058448139
1607,0.3019947500628966
1608,0.29728362435823386
1609,0.2939303572684609
1610,0.29081680585098685
1611,0.2889157539591444
1612,0.28705029918332736
1613,0.284183996899463
1614,0.2806688184277207
1615,0.2787443090392038
1616,0.2776153282209584
1617,0.2746007675223572
1618,0.27342177718538246
1619,0.274044902029202
1620,0.274162537047836
1621,0.27346276622725724
1622,0.2706972400216107
1623,0.26972000427500176
1624,0.2675722058939868
1625,0.264000053679642
1626,0.2608917061066509
1627,0.2563956291338287
1628,0.25196723996680037
1629,0.24813716349166912
1630,0.24355418971310153
1631,0.23935541120465662
1632,0.2362125306125463
1633,0.23498800937164147
1634,0.23598230570701126
1635,0.23825286943190413
1636,0.24086217336339497
1637,0.24466389526549465
1638,0.2500027542038918
1639,0.25351295563583753
1640,0.2572316615800652
1641,0.259196498428513
1642,0.2646761927200788
1643,0.2702554740580634
1644,0.2682614243570837
1645,0.268325081281179
1646,0.26693809313083683
1647,0.25732942029710326
1648,0.25528525536273833
1649,0.26113151229758297
1650,0.2638673447130849
1651,0.2632912186323953
1652,0.2611365849602922
1653,0.25961032478957274
1654,0.25740711475206896
1655,0.2549931932073341
1656,0.25105189770974745
1657,0.24782393710572417
1658,0.24376711059217637
1659,0.2412912253000897
1660,0.23808974912819483
1661,0.2368247218859876
1662,0.2381846546189727
1663,0.23789439670182025
1664,0.2420120947728601
1665,0.24709273575540247
1666,0.254283262233182
1667,0.2627511121654323
1668,0.2675142200218308
1669,0.274555489207968
1670,0.28354316776677463
1671,0.28993794900257175
1672,0.29744441675604405
1673,0.30239442187917037
1674,0.3081178296154337
1675,0.313726411378382
1676,0.3166502801361531
1677,0.31760002495993217
1678,0.3049300199304142
1679,0.2993934200600692
1680,0.2942351717860334
1681,0.2904123672308341
1682,0.2862838305260596
1683,0.28083675247604656
1684,0.27287098877038163
1685,0.26961980633634786
1686,0.255697522891513
1687,0.2470232749752562
1688,0.23129144101451152
1689,0.22038844802907298
1690,0.20092498769973335
1691,0.18601512073022716
1692,0.18003885620012136
1693,0.17431954101464725
1694,0.17656930831069859
1695,0.17872038232043802
1696,0.18420172810071467
1697,0.16781256928322966
1698,0.17985461701524316
1699,0.1946879832492392
1700,0.2112171461040407
1701,0.22379118467432904
1702,0.23828170261680803
1703,0.25534095204354706
1704,0.2762170501938987
1705,0.27517481592064813
1706,0.2859801782442883
1707,0.2835711958914145
1708,0.2864249646027834
1709,0.292802601739884
1710,0.29617463285698004
1711,0.319079039862296
1712,0.3244285691401577
1713,0.3290870229477322
1714,0.3536212371329347
1715,0.36598666081584813
1716,0.38355816486740946
1717,0.3930352774173386
1718,0.41140194448948736
1719,0.43689704045532446
1720,0.46657652437594643
1721,0.49755384965205973
1722,0.510653715387017
1723,0.5417819950792104
1724,0.5694672029639072
1725,0.5905887947582856
1726,0.6104154161479823
1727,0.6307278068112847
1728,0.6508674885889034
1729,0.671553229665579
1730,0.686611564595893
1731,0.700235823846209
1732,0.7093017036702567
1733,0.7161264792432998
1734,0.7199823005620414
1735,0.7283052658718396
1736,0.7375897191327104
1737,0.7451045029677927
1738,0.7487306866571757
1739,0.7508482709046794
1740,0.7531308180633863
1741,0.761485837603054
1742,0.766127935818923
1743,0.7730651376482988
1744,0.7860639653891803
1745,0.7918122975106269
1746,0.7967736822672833
1747,0.8016770444139422
1748,0.7993771565844532
1749,0.8044793411045762
1750,0.8126844240614043
1751,0.8133559844804824
1752,0.8228203674973916
1753,0.8289747366208878
1754,0.8285137498223283
1755,0.8311279492351198
1756,0.8339546981696707
1757,0.836521419944181
1758,0.8381737359250881
1759,0.8362681843293666
1760,0.8320232715951056
1761,0.8286369084879469
1762,0.8245909129990591
1763,0.812767661867447
1764,0.8091090272134593
1765,0.8069642280343856
1766,0.8057708424829846
1767,0.8017693626678929
1768,0.8000613595022743
1769,0.796445847724329
1770,0.7921841816275308
1771,0.7894732568822577
1772,0.7845544878990675
1773,0.7779313884007693
1774,0.7723840810607884
1775,0.7666761968822955
1776,0.7646628285142996
1777,0.761082413408811
1778,0.7595351985041232
1779,0.7574639920593461
1780,0.7607327477170229
1781,0.7618835581975661
1782,0.7597540885880101
1783,0.7588879656219316
1784,0.7548956065781467
1785,0.7476953104221988
1786,0.7460182683829786
1787,0.7412042763316596
1788,0.74003119167253
1789,0.7374102592058275
1790,0.7369438131139271
1791,0.7364874730818717
1792,0.7332970158471347
1793,0.728066949301023
1794,0.722993100352929
1795,0.7178397039331965
1796,0.7159074093868658
1797,0.7132321682868535
1798,0.7113809770616171
1799,0.7061484013931858
1800,0.6978632905513028
1801,0.6915631867362764
1802,0.682404143929593
1803,0.6749954925062301
1804,0.6694248397818242
1805,0.6629953878821366
1806,0.6553780187022614
1807,0.6482246286407265
1808,0.6416740673897355
1809,0.635853864167285
1810,0.6300256539021929
1811,0.6227657956117935
1812,0.6194572452923244
1813,0.6165093973904907
1814,0.6122224712678453
1815,0.6097620202049926
1816,0.6061739851266633
1817,0.6035129259304682
1818,0.6022969837112504
1819,0.6021902986183456
1820,0.6027510166005458
1821,0.603989154608193
1822,0.6063416991938323
1823,0.6073838753640771
1824,0.6103862904614554
1825,0.6127204062668906
1826,0.614986076084713
1827,0.6173576860626969
1828,0.6192972491432778
1829,0.6199215091330229
1830,0.6210419755693237
1831,0.6240105137552524
1832,0.625799185437113
1833,0.6265867677092067
1834,0.6266111139675941
1835,0.6253000449453149
1836,0.6237198179189084
1837,0.6232404075240293
1838,0.6212658512679554
1839,0.6202495422575157
1840,0.6195347531370524
1841,0.6179243249991808
1842,0.617048236465965
1843,0.6166001572171542
1844,0.6154496284191117
1845,0.6165995684280733
1846,0.6170910857409379
1847,0.6158163317489611
1848,0.614288889353999
1849,0.6118033823830701
1850,0.6097303827607434
1851,0.6080614429510472
1852,0.6066207082892511
1853,0.6050566652518371
1854,0.6042023104945129
1855,0.6047728960524984
1856,0.6055229033799783
1857,0.6051196737032083
1858,0.6047862423902475
1859,0.6029305323343193
1860,0.6022691455287378
1861,0.6021014704206717
1862,0.5984404211716094
1863,0.5975250179453044
1864,0.5975263351033531
1865,0.598706706394551
1866,0.598978525177825
1867,0.600104510702866
1868,0.6016471599147928
1869,0.6021230783269232
1870,0.6031697237745195
1871,0.6040824703915085
1872,0.6041801940075817
1873,0.6039037498816697
1874,0.6042105235674629
1875,0.6048801670396073
1876,0.604726624293808
1877,0.6010092069510438
1878,0.5945373006968981
1879,0.5886896685790554
1880,0.5829006332939721
1881,0.576282796737172
1882,0.5707760599820456
1883,0.5647907234761795
1884,0.5588403369054417
1885,0.5518680403429431
1886,0.5451464642779733
1887,0.5382320841242606
